{
  "accuracy": 0.37055837563451777,
  "precision_weighted": 0.39558771926251324,
  "recall_weighted": 0.37055837563451777,
  "f1_weighted": 0.34349887115321787
}