{
  "accuracy": 0.6776649746192893,
  "precision_weighted": 0.7734458176797896,
  "recall_weighted": 0.6776649746192893,
  "f1_weighted": 0.6544133433400107
}