{
  "accuracy": 0.6446700507614214,
  "precision_weighted": 0.6536271312627316,
  "recall_weighted": 0.6446700507614214,
  "f1_weighted": 0.6304336494856929
}